no,x_n,f_x_n,f_x_d,x_n_1
1,1.5,8.890625,44.5625,1.30049088359046
2,1.30049088359046,2.5372641434406,21.3196721549085,1.18148041640293
3,1.18148041640293,0.538458584325192,12.8128688193195,1.13945559027553
4,1.13945559027553,0.0492352510068736,10.5249292379346,1.13477762523711
5,1.13477762523711,0.000550323858393709,10.2902893127594,1.13472414531622
